"Level","Certificate Name","Products"
"2"," DTB-72PM/145PM/242PMG-Level 2-First responder","[]"
"3"," DTB-362/420/500/800- L3 Model PM/PMI/PMI-B/PMR I&C","[]"
"3"," DTB- 72/145/242-L3 Type PM/PMI/PMR/PMG/PM-B/PM-C I&C","[]"
"4"," DTB- 72/145/242-L4 Type PM/PMI/PMR/PMG/PM-B/PM-C Seal Replacement and Interrupter Exchange","[]"
"4"," DTB-362/420/500/800- L4 Model PM/PMI/PMI-B/PMR Seal Ieplacement and Interrupter Exchange","[]"
"3"," DTB-362/420/500/800- L3/L4 Model PM/PMI/PMI-B/PMR  Re-Certification and Product Updates","[]"
"3"," DTB- 72/145/242-L3/L4 Type PM/PMI/PMR/PMG/PM-B/PM-C  Re-Certification for Seal Replacement and Interrupter Exchange","[]"
"3"," DTB Operating Mechanism Training Type AHMA and HMB","[]"
"3"," DTB Operating Mechanism training type FSA/BLK/BLG/MSD1","[]"
"3"," DTB Monitoring Devices CBS/SCS/CBS-F6 CBS-Lite","[]"
